{"cameraMode":{"drawMode":0,"name":"Shaded","section":"Shading Mode"},"sceneLighting":false,"audioPlay":false,"sceneViewState":{"m_AlwaysRefresh":false,"showFog":true,"showSkybox":true,"showFlares":true,"showImageEffects":true,"showParticleSystems":true,"showVisualEffectGraphs":true,"m_FxEnabled":true},"in2DMode":false,"pivot":{"x":3.8891637325286867,"y":-118.03706359863281,"z":226.97642517089845},"rotation":{"x":-0.34411871433258059,"y":-0.0022597918286919595,"z":0.0008215458365157247,"w":-0.9389012455940247},"size":282.4051208496094,"orthographic":false}