{"cameraMode":{"drawMode":0,"name":"Shaded","section":"Shading Mode"},"sceneLighting":false,"audioPlay":false,"sceneViewState":{"m_AlwaysRefresh":false,"showFog":true,"showSkybox":true,"showFlares":true,"showImageEffects":true,"showParticleSystems":true,"showVisualEffectGraphs":true,"m_FxEnabled":true},"in2DMode":false,"pivot":{"x":1.599902868270874,"y":3.1310296058654787,"z":8.113845825195313},"rotation":{"x":0.004190194886177778,"y":-0.0024029663763940336,"z":-0.000021569361706497148,"w":-0.9999687075614929},"size":16.465442657470704,"orthographic":false}