{"cameraMode":{"drawMode":0,"name":"Shaded","section":"Shading Mode"},"sceneLighting":false,"audioPlay":false,"sceneViewState":{"m_AlwaysRefresh":false,"showFog":true,"showSkybox":true,"showFlares":true,"showImageEffects":true,"showParticleSystems":true,"showVisualEffectGraphs":true,"m_FxEnabled":true},"in2DMode":false,"pivot":{"x":0.048496782779693606,"y":12.642599105834961,"z":-12.817930221557618},"rotation":{"x":-0.13033853471279145,"y":0.03775899484753609,"z":-0.004975514952093363,"w":-0.9907207489013672},"size":3.902097463607788,"orthographic":false}